username,hash_type,hash,machine,source,timestamp
administrator,NTLM,b45cffe0e4c5b3671234a4918732168a,LAB-DC-01,LAB_ACTIVE_DIR,2026-09-01 09:05:00
svc_backup,NTLM,b45cffe0e4c5b3671234a4918732168a,LAB-SRV-01,LAB_ACTIVE_DIR,2026-09-01 09:10:00
temp_admin,NTLM,b45cffe0e4c5b3671234a4918732168a,WORKSTATION-X,LAB_LOCAL_SAM,2026-09-01 09:15:00
john_dev,NTLM,d41d8cd98f00b204e9800998ecf8427e,LAB-PC-01,LAB_ACTIVE_DIR,2026-09-01 09:20:00
michael_ops,NTLM,d41d8cd98f00b204e9800998ecf8427e,LAB-PC-02,LAB_ACTIVE_DIR,2026-09-01 09:25:00
david_qa,NTLM,d41d8cd98f00b204e9800998ecf8427e,LAB-PC-03,LAB_ACTIVE_DIR,2026-09-01 09:30:00
guest_kiosk,NTLM,31d6cfe0d16ae931b73c59d7e0c089c0,LAB-PC-01,LAB_LOCAL_SAM,2026-09-01 09:35:00
intern_temp,NTLM,8846f7eaee8fb117ad06bdd830b7586c,LAB-PC-02,LAB_ACTIVE_DIR,2026-09-01 09:40:00
test_service,NTLM,209c614c407035e1d4b182376bd6656a,LAB-SRV-01,LAB_ACTIVE_DIR,2026-09-01 09:45:00
shadow_user,NTLM,352330ceab3247a22bc5495ec780240e,UNKNOWN-EXTERNAL,UNAUTHORIZED_IMPORT,2026-09-01 09:50:00
sarah_finance,NTLM,c5c7755142d212a64bd2e97dffa51fe8,LAB-PC-04,LAB_ACTIVE_DIR,2026-09-01 10:00:00
lisa_hr,NTLM,42e40d3bbe71e5023f8150d388ac5cf7,LAB-PC-05,LAB_ACTIVE_DIR,2026-09-01 10:10:00
robert_eng,NTLM,15079102cd0c637ed11e2a32a1758a4a,LAB-PC-06,LAB_ACTIVE_DIR,2026-09-01 10:20:00
emily_sales,NTLM,66baa30ad5532465db01dfb4c765eaa0,LAB-PC-07,LAB_ACTIVE_DIR,2026-09-01 10:30:00
kevin_support,NTLM,8300c91ab467699890e36fcf24642be1,LAB-PC-08,LAB_ACTIVE_DIR,2026-09-01 10:40:00
amanda_legal,NTLM,4a8c6e940356fae99648232abadd15f7,LAB-PC-09,LAB_ACTIVE_DIR,2026-09-01 10:50:00
brian_network,NTLM,355c135e8d19c9daf4c09865980d3a6e,LAB-SRV-02,LAB_ACTIVE_DIR,2026-09-01 11:00:00
rachel_marketing,NTLM,23f5c6881e9bc2a844aeb0bdc9adc286,LAB-PC-10,LAB_ACTIVE_DIR,2026-09-01 11:10:00
alex_analyst,NTLM,3ae77d9c00f592711d0d982d31a852a2,LAB-PC-11,LAB_ACTIVE_DIR,2026-09-01 11:20:00
daniel_dbadmin,NTLM,bf9a03f38e85f2b198bce94a91806736,LAB-SRV-03,LAB_ACTIVE_DIR,2026-09-01 11:30:00
clara_research,NTLM,51592be5841222411c9b414a41125652,LAB-PC-12,LAB_ACTIVE_DIR,2026-09-01 11:40:00
ethan_devops,NTLM,eb9d4dbaf7f760ba53ffbd5d15ba862c,LAB-PC-13,LAB_ACTIVE_DIR,2026-09-01 11:50:00
grace_manager,NTLM,bed023d64805d2f754600195ebb09d53,LAB-PC-14,LAB_ACTIVE_DIR,2026-09-01 12:00:00
lucas_contractor,NTLM,63aa1f0dd2fc2c5a68e0892b55685731,LAB-PC-15,LAB_ACTIVE_DIR,2026-09-01 12:10:00
olivia_security,NTLM,4debb4f084741ca82bad8e8606324b6d,LAB-SOC-01,LAB_ACTIVE_DIR,2026-09-01 12:20:00
